1,C-1,90,0.0649,4.5,0.9,72,1.076,2,0.75
2,C-2,110,0.0282,1.5,0.7,64,1.321,3,0.8
3,C-3,110,0.0444,3,0.75,62,1.261,8,1.15
4,C-4,110,0.0293,1.5,0.8,66,1.184,4,1.2
5,C-5,30,0.0697,4,0.8,56,1.22,18,1.2
6,C-6,30,0.08,3,0.8,62,1.197,7,1.8
7,C-7,45,0.0305,2,0.85,106,1.134,10,0.5
11,D-1,30,0.0232,1.6,0.9,32,1.179,0,0
12,D-2,30,0.0232,1.6,0.9,32,1.179,0,0
13,D-1/D-2,30,0.0232,1.6,0.9,32,1.179,0,0
21,S-1,75,0.0297,1.3,0.75,38,1.46,0,0
22,S-2,40,0.0438,1.7,0.75,63,1.256,0,0
23,S-3,55,0.0829,3.2,0.75,31,1.59,0,0
31,O-1a,190,0.031,1.4,1,1,1,0,0
32,O-1b,250,0.035,1.7,1,1,1,0,0
33,O-1b,250,0.035,1.7,1,1,1,0,0
40,M-1,0,0,0,0.8,50,1.25,6,0.8
50,M-2,0,0,0,0.8,50,1.25,6,0.8
60,M-1/M-2,0,0,0,0.8,50,1.25,6,0.8
70,M-3,0,0,0,0.8,50,1.25,6,0.8
80,M-4,0,0,0,0.8,50,1.25,6,0.8
90,M-3/M-4,0,0,0,0.8,50,1.25,6,0.8
100,Non-fuel,0,0,0,0,0,1.25,0,0
101,Non-fuel,0,0,0,0,0,1.25,0,0
102,Non-fuel,0,0,0,0,0,1.25,0,0
103,Non-fuel,0,0,0,0,0,1.25,0,0
104,Non-fuel,0,0,0,0,0,1.25,0,0
105,Non-fuel,0,0,0,0,0,1.25,0,0
106,Non-fuel,0,0,0,0,0,1.25,0,0
405,M-1 (05 PC),0,0,0,0.8,50,1.25,6,0.8
410,M-1 (10 PC),0,0,0,0.8,50,1.25,6,0.8
415,M-1 (15 PC),0,0,0,0.8,50,1.25,6,0.8
420,M-1 (20 PC),0,0,0,0.8,50,1.25,6,0.8
425,M-1 (25 PC),0,0,0,0.8,50,1.25,6,0.8
430,M-1 (30 PC),0,0,0,0.8,50,1.25,6,0.8
435,M-1 (35 PC),0,0,0,0.8,50,1.25,6,0.8
440,M-1 (40 PC),0,0,0,0.8,50,1.25,6,0.8
445,M-1 (45 PC),0,0,0,0.8,50,1.25,6,0.8
450,M-1 (50 PC),0,0,0,0.8,50,1.25,6,0.8
455,M-1 (55 PC),0,0,0,0.8,50,1.25,6,0.8
460,M-1 (60 PC),0,0,0,0.8,50,1.25,6,0.8
465,M-1 (65 PC),0,0,0,0.8,50,1.25,6,0.8
470,M-1 (70 PC),0,0,0,0.8,50,1.25,6,0.8
475,M-1 (75 PC),0,0,0,0.8,50,1.25,6,0.8
480,M-1 (80 PC),0,0,0,0.8,50,1.25,6,0.8
485,M-1 (85 PC),0,0,0,0.8,50,1.25,6,0.8
490,M-1 (90 PC),0,0,0,0.8,50,1.25,6,0.8
495,M-1 (95 PC),0,0,0,0.8,50,1.25,6,0.8
505,M-2 (05 PC),0,0,0,0.8,50,1.25,6,0.8
510,M-2 (10 PC),0,0,0,0.8,50,1.25,6,0.8
515,M-2 (15 PC),0,0,0,0.8,50,1.25,6,0.8
520,M-2 (20 PC),0,0,0,0.8,50,1.25,6,0.8
525,M-2 (25 PC),0,0,0,0.8,50,1.25,6,0.8
530,M-2 (30 PC),0,0,0,0.8,50,1.25,6,0.8
535,M-2 (35 PC),0,0,0,0.8,50,1.25,6,0.8
540,M-2 (40 PC),0,0,0,0.8,50,1.25,6,0.8
545,M-2 (45 PC),0,0,0,0.8,50,1.25,6,0.8
550,M-2 (50 PC),0,0,0,0.8,50,1.25,6,0.8
555,M-2 (55 PC),0,0,0,0.8,50,1.25,6,0.8
560,M-2 (60 PC),0,0,0,0.8,50,1.25,6,0.8
565,M-2 (65 PC),0,0,0,0.8,50,1.25,6,0.8
570,M-2 (70 PC),0,0,0,0.8,50,1.25,6,0.8
575,M-2 (75 PC),0,0,0,0.8,50,1.25,6,0.8
580,M-2 (80 PC),0,0,0,0.8,50,1.25,6,0.8
585,M-2 (85 PC),0,0,0,0.8,50,1.25,6,0.8
590,M-2 (90 PC),0,0,0,0.8,50,1.25,6,0.8
595,M-2 (95 PC),0,0,0,0.8,50,1.25,6,0.8
605,M-1/M-2 (05 PC),0,0,0,0.8,50,1.25,6,0.8
610,M-1/M-2 (10 PC),0,0,0,0.8,50,1.25,6,0.8
615,M-1/M-2 (15 PC),0,0,0,0.8,50,1.25,6,0.8
620,M-1/M-2 (20 PC),0,0,0,0.8,50,1.25,6,0.8
625,M-1/M-2 (25 PC),0,0,0,0.8,50,1.25,6,0.8
630,M-1/M-2 (30 PC),0,0,0,0.8,50,1.25,6,0.8
635,M-1/M-2 (35 PC),0,0,0,0.8,50,1.25,6,0.8
640,M-1/M-2 (40 PC),0,0,0,0.8,50,1.25,6,0.8
645,M-1/M-2 (45 PC),0,0,0,0.8,50,1.25,6,0.8
650,M-1/M-2 (50 PC),0,0,0,0.8,50,1.25,6,0.8
655,M-1/M-2 (55 PC),0,0,0,0.8,50,1.25,6,0.8
660,M-1/M-2 (60 PC),0,0,0,0.8,50,1.25,6,0.8
665,M-1/M-2 (65 PC),0,0,0,0.8,50,1.25,6,0.8
670,M-1/M-2 (70 PC),0,0,0,0.8,50,1.25,6,0.8
675,M-1/M-2 (75 PC),0,0,0,0.8,50,1.25,6,0.8
680,M-1/M-2 (80 PC),0,0,0,0.8,50,1.25,6,0.8
685,M-1/M-2 (85 PC),0,0,0,0.8,50,1.25,6,0.8
690,M-1/M-2 (90 PC),0,0,0,0.8,50,1.25,6,0.8
695,M-1/M-2 (95 PC),0,0,0,0.8,50,1.25,6,0.8
705,M-3 (05 PDF),0.2,0,1.7,0.8,50,1.25,6,0.8
710,M-3 (10 PDF),5.1,0.002,1.7,0.8,50,1.25,6,0.8
715,M-3 (15 PDF),16.5,0.007,1.7,0.8,50,1.25,6,0.8
720,M-3 (20 PDF),29.5,0.014,1.6,0.8,50,1.25,6,0.8
725,M-3 (25 PDF),41.9,0.019,1.6,0.8,50,1.25,6,0.8
730,M-3 (30 PDF),52.9,0.025,1.6,0.8,50,1.25,6,0.8
735,M-3 (35 PDF),62.5,0.029,1.6,0.8,50,1.25,6,0.8
740,M-3 (40 PDF),70.9,0.033,1.6,0.8,50,1.25,6,0.8
745,M-3 (45 PDF),78.1,0.037,1.6,0.8,50,1.25,6,0.8
750,M-3 (50 PDF),84.4,0.04,1.5,0.8,50,1.25,6,0.8
755,M-3 (55 PDF),90,0.043,1.5,0.8,50,1.25,6,0.8
760,M-3 (60 PDF),94.9,0.045,1.5,0.8,50,1.25,6,0.8
765,M-3 (65 PDF),99.2,0.047,1.5,0.8,50,1.25,6,0.8
770,M-3 (70 PDF),103.1,0.049,1.5,0.8,50,1.25,6,0.8
775,M-3 (75 PDF),106.6,0.051,1.5,0.8,50,1.25,6,0.8
780,M-3 (80 PDF),109.8,0.052,1.5,0.8,50,1.25,6,0.8
785,M-3 (85 PDF),112.6,0.054,1.4,0.8,50,1.25,6,0.8
790,M-3 (90 PDF),115.2,0.055,1.4,0.8,50,1.25,6,0.8
795,M-3 (95 PDF),117.6,0.056,1.4,0.8,50,1.25,6,0.8
805,M-4 (05 PDF),0.1,0.04,2.9,0.8,50,1.25,6,0.8
810,M-4 (10 PDF),4,0.04,2.8,0.8,50,1.25,6,0.8
815,M-4 (15 PDF),13.1,0.04,2.7,0.8,50,1.25,6,0.8
820,M-4 (20 PDF),23.7,0.04,2.6,0.8,50,1.25,6,0.8
825,M-4 (25 PDF),33.8,0.04,2.5,0.8,50,1.25,6,0.8
830,M-4 (30 PDF),42.9,0.04,2.4,0.8,50,1.25,6,0.8
835,M-4 (35 PDF),50.8,0.04,2.4,0.8,50,1.25,6,0.8
840,M-4 (40 PDF),57.6,0.04,2.3,0.8,50,1.25,6,0.8
845,M-4 (45 PDF),63.6,0.04,2.2,0.8,50,1.25,6,0.8
850,M-4 (50 PDF),68.8,0.04,2.1,0.8,50,1.25,6,0.8
855,M-4 (55 PDF),73.4,0.04,2,0.8,50,1.25,6,0.8
860,M-4 (60 PDF),77.5,0.04,2,0.8,50,1.25,6,0.8
865,M-4 (65 PDF),81.1,0.04,1.9,0.8,50,1.25,6,0.8
870,M-4 (70 PDF),84.3,0.04,1.8,0.8,50,1.25,6,0.8
875,M-4 (75 PDF),87.2,0.04,1.8,0.8,50,1.25,6,0.8
880,M-4 (80 PDF),89.8,0.04,1.7,0.8,50,1.25,6,0.8
885,M-4 (85 PDF),92.2,0.04,1.6,0.8,50,1.25,6,0.8
890,M-4 (90 PDF),94.4,0.04,1.6,0.8,50,1.25,6,0.8
895,M-4 (95 PDF),96.3,0.04,1.5,0.8,50,1.25,6,0.8
905,M-3/M-4 (05 PDF),0.2,0,1.7,0.8,50,1.25,6,0.8
910,M-3/M-4 (10 PDF),5.1,0.002,1.7,0.8,50,1.25,6,0.8
915,M-3/M-4 (15 PDF),16.5,0.007,1.7,0.8,50,1.25,6,0.8
920,M-3/M-4 (20 PDF),29.5,0.014,1.6,0.8,50,1.25,6,0.8
925,M-3/M-4 (25 PDF),41.9,0.019,1.6,0.8,50,1.25,6,0.8
930,M-3/M-4 (30 PDF),52.9,0.025,1.6,0.8,50,1.25,6,0.8
935,M-3/M-4 (35 PDF),62.5,0.029,1.6,0.8,50,1.25,6,0.8
940,M-3/M-4 (40 PDF),70.9,0.033,1.6,0.8,50,1.25,6,0.8
945,M-3/M-4 (45 PDF),78.1,0.037,1.6,0.8,50,1.25,6,0.8
950,M-3/M-4 (50 PDF),84.4,0.04,1.5,0.8,50,1.25,6,0.8
955,M-3/M-4 (55 PDF),90,0.043,1.5,0.8,50,1.25,6,0.8
960,M-3/M-4 (60 PDF),94.9,0.045,1.5,0.8,50,1.25,6,0.8
965,M-3/M-4 (65 PDF),99.2,0.047,1.5,0.8,50,1.25,6,0.8
970,M-3/M-4 (70 PDF),103.1,0.049,1.5,0.8,50,1.25,6,0.8
975,M-3/M-4 (75 PDF),106.6,0.051,1.5,0.8,50,1.25,6,0.8
980,M-3/M-4 (80 PDF),109.8,0.052,1.5,0.8,50,1.25,6,0.8
985,M-3/M-4 (85 PDF),112.6,0.054,1.4,0.8,50,1.25,6,0.8
990,M-3/M-4 (90 PDF),115.2,0.055,1.4,0.8,50,1.25,6,0.8
995,M-3/M-4 (95 PDF),117.6,0.056,1.4,0.8,50,1.25,6,0.8
